[
  {
    "id": 1,
    "name": "雷姆",
    "classes": [
      {
        "id": "1",
        "name": "前端"
      },
      {
        "id": "2",
        "name": "后端"
      }
    ]
  },
  {
    "id": 2,
    "name": "拉姆",
    "classes": [
      {
        "id": "1",
        "name": "前端"
      },
      {
        "id": "3",
        "name": "大数据"
      }
    ]
  },
  {
    "id": 3,
    "name": "爱蜜莉雅",
    "classes": [
      {
        "id": "2",
        "name": "后端"
      },
      {
        "id": "3",
        "name": "大数据"
      }
    ]
  }
]